hvac,indoor_temp,energy
72.0506543245958,18.130024292265443,525.3862223613118
55.00196510459029,20.03903122722822,510.3771227798219
62.234224801321744,19.11200378944208,515.5889488476539
78.01116499001822,17.429243254041324,530.3051787756474
73.34447487687459,17.954913096056202,526.2372725981818
37.78402650154486,21.86390507950051,494.20006520773495
61.87610521906987,19.247705784432355,516.2215604394562
48.108034896278774,20.52630839837098,501.47434532285865
48.70976435258053,20.636993514201386,503.79649970272135
55.132481274229654,19.959330419959414,509.8675581995311
51.800544639510974,20.201907054758422,505.62387155213264
68.17841883703719,18.66777249862698,523.0246644348487
59.51297156433742,19.4697290546467,513.7296699878964
51.52093770616035,20.489037326825255,507.9391376472393
55.54829040931782,19.810635752791733,509.2056848185891
54.17092909217833,19.95046778770785,507.840499857075
68.67598841447008,18.46806649650486,522.0397303897424
47.43552170292749,20.61422377639511,501.0175093555528
53.91334627063627,20.09102846929262,508.70580866828277
39.32380325872844,21.684103564740163,495.49508668519263
18.087627302074015,24.111927524926067,477.2753924267001
58.17023244300451,19.67137856538601,513.0608861556351
60.80545248574382,19.269652491579674,514.3058891633001
40.72293724491948,21.41072723758183,495.56508298246473
78.3719327998451,17.55031791415137,532.2460631290919
31.82042906751544,22.420541300516785,487.8374049975982
50.57198146626808,20.332529583003563,504.467785225926
47.66020187467708,20.64889218783938,501.8199236906973
69.15974017948072,18.504159111810786,523.3613339432479
68.36698462375357,18.427741670944624,521.0102426053547
51.93684282121146,20.211576843048682,505.9968896080648
54.72703149502717,19.993795518137347,509.3941217650941
38.90267815462359,21.700010931935676,494.80540635454554
25.240044147200912,23.155785597729274,482.05160487237856
45.65109813342309,21.053778352021308,501.8555309273799
51.95436211379975,20.391551716691826,507.8303746567811
65.37863350909652,18.90688206489337,519.823228075612
65.02974810980514,18.923419674887555,519.3086620784211
45.1584147824006,21.072836927048936,501.05703003086387
46.221215617808305,20.738077482044904,499.8303950277209
36.893087936661345,22.10868540760495,494.8608691835647
32.24977578526281,22.482723584656846,489.32819413612714
28.671622617187342,22.906937154869457,486.40518006132226
74.38469244039737,17.929180063851028,528.0595953967895
43.629347728104335,21.344107000196722,500.7021660274688
44.52407122986017,21.1441919658463,500.49106371226424
34.34005799937592,22.266148235998216,491.33684660767574
59.71862944789888,19.37102833298515,513.1602717631384
29.826276905525607,22.722418515506057,486.8597776534435
47.34074649732539,20.70710175921277,501.7598124220898
38.80666798507905,21.659272468427112,494.18748582171327
54.836281223240775,19.878651625212093,508.4629046799697
43.61493578038909,21.186754675057472,499.08854926809005
35.24209769846985,22.228278571960317,492.77576415412017
49.647722145766814,20.855848041294667,507.8547892297204
55.354148381630225,19.929993641775468,510.01071024479984
50.8314652797896,20.273697510447533,504.38972287079883
53.78089872174727,20.210599473593426,509.6612464780788
42.07097382898795,21.342114491163723,497.5651647435472
45.46573542516077,20.932708243834618,500.2643889879368
41.59424440280061,21.44561806348424,497.6739604028612
45.505585480743235,20.87032313716262,499.7166309163437
39.835671474444325,21.640322454211983,496.08432786626213
28.42146747085404,22.86480102588614,485.4753758612444
52.21782677817191,20.265876845082637,507.08112308855686
44.977738297396726,21.090590412707275,500.85782577412016
29.622520662924444,22.748271952802394,486.71578657691646
55.784778194072175,19.86530820706335,510.23750245131254
38.65877044520947,21.775966702926755,495.07310573275873
50.649317447451736,20.47011514339742,506.0136081477616
59.11363202721921,19.39435223097436,512.1856541889229
51.61228638446763,20.179649371840014,505.02149428453424
64.24250855679126,18.92716025353574,517.761637646478
34.56467724557934,22.054611953992865,489.6749130363539
55.029270514719364,19.95553339047304,509.61925930417266
41.439873863246085,21.535488562611164,498.2394667711216
39.11503563522648,21.758057247316692,495.809407247361
42.76437919044481,21.191101248368525,497.44482056438943
46.105593348407844,20.842358486479387,500.65200852436624
50.70206677787182,20.455602783934175,505.96729155738257
35.43562699020804,22.061951250563766,491.4940244821902
61.26033108692734,19.229698050932782,514.8188903783929
55.820780496630746,19.919404793495413,510.82548219697793
30.796953921534705,22.51360639928542,486.71969886715283
68.60315242244499,18.41352976253993,521.344836035604
73.6986147003823,17.813144135349486,525.514976843019
64.73474463949563,18.774865139851947,517.2104774015211
47.75093955234561,20.661688830374864,502.1315825218435
36.61559223111822,22.04003107151164,493.65063747432345
63.180646586639206,19.05531091441793,516.8977427566897
44.960288162835255,20.966452239204614,499.60136521333965
65.28056337978035,18.796027867464865,518.5192910513009
52.603437225960754,20.049741174432096,505.70413614537216
62.20798795604641,19.08379004407653,515.2527422365516
54.45457996468002,20.224953657371927,511.1695019443496
58.83216460239935,19.519437508769496,512.8426275267033
50.13125025901026,20.55872836421191,505.85434579625314
72.32338117382294,18.03787923336503,525.0161059793223
51.58640115879525,20.360312796056704,506.7816381634513
55.02486704305877,20.013590434231453,510.201066391815
73.53938371320318,17.800206131795004,525.0808245710923
33.15301173571942,22.35007508334347,489.8105158557333
34.118937518928334,22.404803392359533,492.29000447923437
62.117458851975144,19.087529471277406,515.1022164817276
35.335957436073,22.05640069665875,491.2510382322323
74.29526482061615,17.796751741995525,526.5751117436603
44.829762740503156,21.095628505862276,500.6228283733503
40.65681485699053,21.58024215209563,497.1167840892574
74.0367753310048,17.982695879071336,527.8958905145695
68.5064348929303,18.51424198512453,522.1490247348745
73.34448700533213,17.925901116833632,525.9650935448261
61.32555822844232,19.380105307832427,516.4663136856362
39.234678936816216,21.754596419164375,496.01468545038824
73.87581191373792,17.724092737863128,524.9767519008104
46.649957863107744,21.12114145909375,504.48301019845394
60.030704947454936,19.57361459459963,515.7867215743036
61.84064959717185,19.18070712203439,515.4870642107276
48.06237383636457,20.750929888173744,503.648053444811
57.675992129326005,19.78807674077372,513.2262351042987
61.52758339458158,19.214745747326337,515.2076724169899
54.705319139445365,20.05545007369871,509.9781708254943
36.25749011769757,22.122133934410414,493.7376049426678
53.7279771775757,19.988439919693228,507.3389290733958
66.57982370858788,18.61598620669705,519.3064218490039
41.31790175335793,21.547171646911686,498.09549522275074
48.12956824590412,20.75182894066543,503.7815868948067
44.56058060347953,21.190715789648646,501.0263100281135
73.11579660599178,17.944005571875532,525.6728742439154
58.40368446265544,19.546694188012477,512.2738380282788
55.09327295301388,19.739876027610133,507.5919476226227
40.37604906943355,21.444034559711568,495.1845968618685
56.740614891147715,19.7632389714396,511.1102636902556
41.5708417417828,21.509663130360316,498.25727660945506
50.39788197842939,20.509350819026338,505.8812742857383
42.05192402026399,21.36146416036819,497.71567388990184
58.45541618683124,19.542727062799493,512.3322091346375
57.20738520768676,19.728905590418282,511.70827413318045
47.396265555275065,20.79423190702896,502.7450741040642
54.950083908270564,20.095945321584207,510.8546389161973
36.33673114086868,22.01760365155227,492.845184653849
31.35928009117993,22.402354593750477,486.73931630381156
55.49239626580671,19.76858059725803,508.67589684202846
52.08341869215661,20.422699877559133,508.38644220687945
57.93789296115133,19.50971572812835,510.96918360392647
79.78930968579928,17.299625679865432,532.5511542315378
61.80599358738017,19.17450343186724,515.3432040433378
38.58972218194802,21.73815473059547,494.55986723229057
63.962703601198164,18.95068932559136,517.4412791000419
33.551157368605985,22.43151118539926,491.4203773490375
44.230192439816136,21.11539464876583,499.6033436827239
49.14697993344211,20.590500279036853,504.1849600951715
71.41678402061709,17.99107340799217,522.7460489220849
40.690564724394505,21.544706931487404,496.81167072724054
39.669518266762324,21.68945724135395,496.24426821525134
48.76934344468209,20.65928677915035,504.13219364278416
41.706521420473656,21.55207226985657,498.91769233792064
64.08294902633133,18.956392742581578,517.7201659398901
36.500856145457206,22.01480356961161,493.14250487383816
35.65664184486122,22.242619798092086,493.73174974554104
44.527249440694575,20.947001142587784,498.50961097718476
43.774594366346186,21.139212084921983,498.93256295669227
74.11915067271232,17.98950930120357,528.1265503418989
61.86776008657201,19.288159305308188,516.6100003686698
51.094390517314885,20.447455052979407,506.6746111306732
34.6820560146229,22.268238912337928,492.04754943065336
60.55453720501934,19.371707528359973,514.816217121464
37.49730815763044,22.03845584541388,495.37582855334017
30.690361290279856,22.661836175042286,487.99028876000943
64.85037240440377,18.890445746105115,518.6022022032686
53.96178264906062,20.080099776015896,508.7333181498117
61.51073529726024,19.25310551285641,515.5550484308906
53.98409566178776,19.94604774912176,507.4515248266084
60.710382648783636,19.398925214080133,515.4137767126263
41.862180083748164,21.38211621740937,497.53638639649023
37.071964477694195,22.10427541723968,495.1947805350933
58.519931478520334,19.55524249030392,512.6030871722513
39.95737919782699,21.646780116656597,496.3935012321344
41.380627778122495,21.47279116303266,497.47822477704125
44.30584370603321,21.063801488825423,499.2482259261755
50.21848948781321,20.575179839192398,506.2000954871187
45.57507610933145,21.177247992029542,502.90578484936964
32.813108832274764,22.38908030648379,489.51202656177725
41.95476996458887,21.354927425336683,497.4445448056903
22.207460597194668,23.521676461203047,479.62236010412084
57.81539313783984,19.451070565505884,510.1313673592111
29.974279304915655,22.685047962088976,486.8115439290465
36.195208257144365,22.04362690331495,492.8243401670892
50.65206349076218,20.533748808534188,506.63298151105283
40.755462545108585,21.612903894153046,497.6296079744337
69.2876824425842,18.336705023072067,521.9438317875378
33.83928862845689,22.249995951392354,490.17842541456395
53.33813586686479,20.245195585206318,509.14166832953947
49.508964772156304,20.53666748535552,504.38960456482636
35.398831278235036,22.055125605418585,491.33460063287527
56.540958256646924,19.919746436712266,512.2730910733407
47.8556708597219,20.839634772135657,504.1183901659211
59.64738189017084,19.44066717125863,513.695224665951
60.29380192454664,19.308304043522003,513.6879900060626
77.04044936600863,17.324362537814583,527.3135412158499
66.70659936795491,18.721244430082436,520.6313691702645
45.38522702571946,20.917988054915643,499.94172244506143
47.00776028030092,20.632873168252825,500.33915629180063
63.745744948588914,19.14645010839012,518.9669767975613
58.19079663403247,19.663809149357416,513.0184140900108
58.001644076219904,19.505918332304116,511.07060599793215
29.78804944611457,22.60187442263147,485.599576024493
49.69592344501331,20.6205445992657,505.60483153951924
40.77461363492889,21.426995438504235,495.8102997727893
53.49905748804048,20.244718663068337,509.4430858627823
48.773120129463024,20.69660271702168,504.5165099553239
61.3772363511574,19.30216365342937,515.7676185078816
53.96522768989128,20.104294499673387,508.9896953769487
59.8290995263622,19.43794413930255,514.0298681653284
44.169761290800714,21.229377377929634,500.6302963251284
38.19442180102187,21.753205565636033,493.9108336677561
44.87437883496814,21.072413525496945,500.4514598442533
49.78724482673199,20.5985977278272,505.5784361169617
54.739396694438526,20.034965335470375,509.8264033542118
78.24136188363565,17.273951512273214,529.2177597416193
49.471785604241965,20.50806261680296,504.02221022589686
38.050687493840286,21.839704726219484,494.5126208895973
45.67522780375767,20.934923470682666,500.6900392482613
44.205050316923824,21.314910321235715,501.56599952486243
56.01851842216828,19.79864765408608,510.0192755027119
30.74003731944219,22.602374050103688,487.49784843136587
50.790774927504145,20.489957775792274,506.4867981950562
51.95633172456719,20.3178567846211,507.10111370108274
52.90226295250345,20.16622362950414,507.4616231705456
42.533549137932965,21.245660241939298,497.51601220366217
47.02597837829991,20.857293784126686,502.6132036403934
32.19923863771835,22.56199339388882,490.02944625199217
43.833501457972574,21.22622436203284,499.9234939763255
43.21423154979103,21.168616177377373,498.09613356608304
55.20062557826782,20.101608682088212,511.43143749880176
35.547719602226096,21.945093054751542,490.5326711569481
59.76497627137492,19.26758404596848,512.2135876077472
68.68105680614211,18.54113947377009,522.7753426364518
24.125187187330845,23.36881345725388,481.94138810152265
55.32823413472626,19.858944390549706,509.2400684221965
58.46135043787807,19.45939437907788,511.5203005811372
42.032037180597136,21.608555894062345,500.1329555028889
45.03410232089003,21.05795783191764,500.6536633384439
48.33899278016305,20.736130911266642,504.0548647734078
46.2776140074784,20.941250968901194,501.976577975943
46.13733788691097,20.968373628212913,501.9382166550972
29.049952420875293,22.858514679756198,486.6752095492898
64.404144559789,18.9887864993987,518.6942761643453
63.49523240046027,18.9780021958733,516.7753561327029
39.83294675994746,21.589211657770598,495.55694357086423
31.669695902468575,22.342231169892568,486.7567713599917
56.513310955659485,19.705505354227306,510.08762845666894
42.802650377336676,21.318819738137638,498.805139653712
51.77441454150975,20.409316737984195,507.6396735227896
46.00839478568631,20.998980526212122,502.01388413216773
58.644234388377335,19.5150649828907,512.4133280982097
58.68436429570008,19.418402636264474,511.5433798601838
40.9300327692052,21.219960480844687,494.05645775748667
32.70795055756181,22.51729883614628,490.58400381437895
30.213270033311478,22.61761739768472,486.60604202564423
57.629742238840066,19.615881853107187,511.42844051422696
35.13925927769964,22.147838876243846,491.761974008098
43.6647955712664,21.056316482421508,497.88653371203037
42.546074519368645,21.284953584858293,497.9264572064152
49.342908796630674,20.774627227347622,506.43765950794335
25.796502426918664,23.212923426896683,483.7038573554074
52.35973245992286,20.276354345059833,507.4895387432781
56.54863779792757,19.62140039442979,509.3093950493318
51.10527608805827,20.602779819771854,508.22659202395573
46.113922853769104,20.785188995222764,500.08260823289055
51.21750207835979,20.558307246924862,508.0180478649416
54.988079320501626,19.73980567322604,507.37384940033456
15.342590544666876,24.452851583959088,475.2128546959593
74.44890385313369,17.97242600305532,528.6262629779048
54.87616653359908,19.88118076917132,508.5733850991309
41.84489272016225,21.439319838009443,498.08794997240375
45.113082810154985,21.092308948093418,501.1593764331424
56.17177221686485,19.739725607821736,509.7403591147586
48.54870076207042,20.51473115509856,502.2608976683687
24.61644415273132,23.16041940888548,480.84279349253876
75.8061607669915,17.715423137626914,528.7611159699553
48.61824178459409,20.64348184344271,503.660363053048
62.7521588964475,19.04083241806056,515.914699941538
41.34937690269511,21.548245341820184,498.1681420083628
69.20471317807247,18.43828834135118,522.7825760099812
53.579296111153496,20.03073115513655,507.4682946444762
57.610547930943135,19.54271957569452,510.64221274436863
36.93433292316307,21.989549552320867,493.75482820713256
65.13931612103376,18.78091688983048,518.0874563899114
58.62272705668485,19.56142051001782,512.860385992539
66.27307786956248,18.8675913316109,521.2200107149818
42.14890550448026,21.41385321851465,498.43256772491645
43.987161019240155,21.07518558790826,498.73472434485
78.79895872104927,17.348180659666557,531.083148312277
36.74980221598066,21.862257260960586,492.11994278044523
48.30062874152099,20.847783054027563,505.1037312426527
64.21114203253369,18.88061650146097,517.2303873970465
51.2215620964357,20.386355244089437,506.3179966851025
57.28692099691617,19.729211947807162,511.8603516618726
45.00688713421406,21.065167462073823,500.65181947969427
54.62569859809398,19.795318258696007,507.19666221799156
33.66841435330854,22.151832314737728,488.85247175616036
70.72663349522735,18.174835287968083,523.1966537880382
48.522949435892876,20.694418745384933,504.0034501874583
41.49777245003937,21.42146710906709,497.20901557952874
58.329788525398925,19.488008514891014,511.54427688848244
44.24100265764309,20.99864727574709,498.46801326119675
33.321769107465585,22.294449643728854,489.58369910889235
33.166031177530556,22.304888966003663,489.38133197523223
58.67216440862666,19.597345560810346,513.3349249400545
48.00533202317166,20.686781631235284,502.8708008727788
48.32873050414451,20.744110410187037,504.10623501466495
63.47179757470329,18.958637289810596,516.5197079749962
35.9146773905407,22.023789720119098,492.06265571784974
40.866528089189686,21.469877272224874,496.43186473268764
45.189002385234055,20.950973040934045,499.89099893070585
51.179394866463426,20.432778430332398,506.7014053225306
49.472856858867765,20.476626145815096,503.71147434947187
46.413910095126155,20.84230573853906,501.2424414195775
49.229669973804405,20.577424338286697,504.2400837502063
48.658684046360314,20.517806789304693,502.49179428767843
41.00494514310259,21.456962538426666,496.58190248618115
39.83758764307403,21.546734723287578,495.14136029462844
53.431454471549245,20.08372458888136,507.6807202633992
38.8635614625559,21.71901543885174,494.9223603054852
35.53305926011433,22.011372119073357,491.1856733910305
46.09634686092883,20.907394267315794,501.2759024426987
48.029162297952304,20.847659022460462,504.5529194481338
78.20904371622761,17.394425335389514,530.3503897486157
41.19124655179708,21.583489096604243,498.2225491440793
61.79075906211868,19.23766594736762,515.96227054788
59.339854177557896,19.550032101450512,514.1758385496928
35.1381880599533,22.057353416528052,490.85388134755163
59.6656622175325,19.447267872579978,513.8089996304159
35.20149199758353,22.141227172527362,491.8030688821409
16.760347025040737,24.095099253358025,474.47414881127446
57.578994054492256,19.584027821576424,510.98908648168873
28.051367707028508,22.765323013436134,483.74944698341903
55.63668077257394,20.02957907871203,511.5514048841162
41.449863778284794,21.343274695453424,496.3277409018488
70.7443849523734,18.352739762561157,525.0141318236437
63.356367491450115,18.984050258574705,516.5587361373202
44.332677451857656,21.037156150323185,499.03692540621387
41.40202986214147,21.50802862919494,497.8689231347243
34.82403246132349,22.106237235079732,490.71905875401313
44.48846709634261,21.163114511294744,500.60689343939714
46.495556310193635,20.85220762939348,501.5180726202264
45.44133069510393,21.049496073150344,501.38728148289596
51.95879819090455,20.18771359260979,505.80895835539667
57.23151872161098,19.787668046421267,512.3593301773283
54.370680712414675,20.068022389900687,509.4208629362495
40.44820095116946,21.45873282636509,495.4868414104508
32.02760657748027,22.741256848578647,491.45699802983887
67.0566481012809,18.677781011499153,520.9017223192536
41.38188519312578,21.67703933580922,499.522314869898
41.84633000081226,21.55693048178553,499.24391230259346
43.48513359623611,21.19775182639225,498.9560893164481
26.961630623041895,22.99299345600494,483.8479788408837
44.025324949493914,21.11686833721359,499.2271093439372
44.00430232490066,20.97652388921815,497.7779242884763
57.75447872929391,19.577423827842715,511.26689571050474
58.7307143638417,19.56429802237541,513.0772121577942
50.04713611357837,20.64741078359486,506.5574140456344
61.648104676428794,19.141431297295014,514.7106872406775
54.24956229751577,20.120753807209564,509.69444490378027
49.803973604968064,20.396303569303182,503.56445528847445
52.01160210372779,20.22009176606883,506.209532460838
47.61683133023251,20.71638449424547,502.3992063825177
45.064381074581874,21.080099189945745,500.9306623078916
46.65333078882542,20.913864577901286,502.4404934304232
35.89985835662492,22.147249755252695,493.2861849187899
53.5055213164537,20.191476351230587,508.9407832954865
37.58595486338024,21.889861786568424,494.07618026447005
60.52039080092045,19.381793506249615,514.8407189525223
46.88176774798814,21.001858616831058,503.77107476281475
50.61868727062613,20.380851782107896,505.04996366564205
56.17295970351196,19.898447264520403,511.32410647642547
58.041430813286595,19.434628217888648,510.4242728911425
30.36720739208184,22.700740611160757,487.75081056971715
47.413704047950354,20.73616760047755,502.1941928488951
61.00223640100978,19.290011114132074,514.9177254876785
28.773677257096818,22.93890412622472,486.93210368347434
54.841005942438294,19.98395372728443,509.53530141192533
21.805447132472633,23.689919569548906,480.50454864796353
37.218664454554954,22.053323391512798,494.98555773913927
50.482881898002354,20.485792388106315,505.824746023504
29.29106122097558,22.895087372154734,487.52439106602736
37.68111577894812,21.822421166547787,493.57013102829757
31.602062406705166,22.52295214703547,488.4306315606164
70.6016866525945,18.181552526574755,523.0163362439565
52.052846943591675,20.37848459566955,507.8991164629801
57.09112847315836,19.76138500333194,511.7950010746081
47.21656124356057,20.755454817018844,501.98334633752376
45.58210314053501,21.001435537905785,501.1893320348574
29.794072641862094,22.82680884827703,487.8539855008818
46.352032965651716,20.897349574674518,501.67179925988637
40.48134735235471,21.452158510156007,495.4900258954424
60.724049053654205,19.333545779676776,514.7786576218876
64.26377333321966,18.73292837423894,515.8634184302456
68.33223394467723,18.560331330525454,522.2618120234912
60.6568992432654,19.28560832450834,514.1676521397844
42.516825788462675,21.276218089641198,497.7973542430932
36.05128767549507,22.12192792357349,493.3181133235224
59.583289770563574,19.309321837515487,512.2596634015883
54.45366021840361,20.20480724025764,510.96354755907606
27.893269366537115,22.883716165507096,484.62780640605837
54.44352240929712,19.95888744063883,508.4807289234829
60.18149778109833,19.4821577183959,515.1782184417696
50.736569864770374,20.489846842186303,506.38013644908654
47.68682911238323,20.99957176954535,505.37607154362513
39.904393904795555,21.589396072109338,495.71279272260705
31.91831625545765,22.47694454803322,488.59881433292566
60.00372436675035,19.251658721661137,512.5223113641453
46.13606944035364,20.891822133826217,501.1966955579941
47.081666730703844,20.748873530065403,501.6459806108875
71.65901483648916,18.07263166667564,524.0420851150371
58.556263835739884,19.384392202413217,510.9757077529865
54.63531251601378,20.156176379227936,510.8519064344296
51.775772564840445,20.163004669624986,505.19399123142904
68.99993575957217,18.12978678660789,519.3071252365858
71.49486634270244,18.016722260144427,523.1467627753541
61.6188138934941,19.161546516436033,514.8582185736628
57.27780739247405,19.584485780502142,510.3968814240189
23.81746160992319,23.4899095769817,482.5234332706873
51.546523927918834,20.31609845006932,506.2489422981449
48.3736630725787,20.681435622456988,503.5628390204677
51.17441536731961,20.431853486025382,506.6618920391501
61.78807609153147,19.23191288262935,515.8897730150994
15.754035410130548,24.364912834630243,475.16511958154774
42.88359933162268,21.17185631815789,497.48720290967555
53.373804436759514,20.07412970188851,507.4912404732007
44.164430674340466,21.208509340429504,500.4150734769449
32.28867358592176,22.194790459340183,486.5184947338116
60.86204358620994,19.16765675758518,513.3869490290921
53.4608988230766,20.16940035267957,508.6189068200531
37.86119286944394,21.787243880861674,493.5897541811833
53.935215056447795,20.160737098801714,509.4576932782269
60.26982140062245,19.45123767561685,515.0480938848337
50.06615807874201,20.372913323319274,503.85052721126334
60.00706004288746,19.439889104029067,514.4199976284087
50.97825218952077,20.512562044719466,507.0873410785086
45.05963771682057,21.058183291314837,500.7060772782379
35.50724354500109,21.99645672232529,490.9724038970735
48.92586541285484,20.706093798777303,504.9199843293013
52.42866172557215,20.296389662842465,507.8244165774003
60.94790951984164,19.3499910311673,515.3916308059719
48.56115664390967,20.729866658513636,504.4164464986343
55.717695077762386,19.571592255423376,507.16023979128727
37.942349828328396,21.914435274991973,495.0243163660069
40.21713555215594,21.756928270320742,498.00659037225455
48.6201337621639,20.6954491336249,504.20509843044493
36.81714420018733,21.969387037629367,493.34725220292387
60.253097966558514,19.44180309101771,514.9408655745385
55.78912911648259,19.897018344555427,510.55744990616154
53.48869705490567,20.181421450130436,508.77654949760006
54.236301565199305,20.034153927852618,508.80725192463063
75.26304451855997,17.644394617504716,526.9645543402924
44.139197650415056,21.044255987232884,498.7374866714846
22.481983931243025,23.427162594740082,479.2286006304771
52.49125246120582,20.08865797417227,505.8729463279053
49.36745573797918,20.46280566772038,503.36397682379476
43.53101196861996,21.38771529619379,500.92982562708346
37.764626758015375,21.921300622983935,494.7460779859663
44.51013097747315,21.041382853409484,499.43807344990313
52.26673036522276,20.211620390426944,506.6371068858976
43.71479124196827,21.202628716474134,499.46809842314843
80.15567099429686,17.11732168767891,531.4636937650943
37.993695229585654,21.82744521046301,494.25593499227233
40.08603296615411,21.668296787513338,496.86475351038024
21.392249499818394,23.643278281665157,479.20534923795367
53.14355518776921,20.187810503611587,508.16871807084993
24.794917152503,23.36120826716063,483.18895337272954
43.256817082818735,21.214536945288117,498.65807337707423
46.55411831799304,20.9075260449342,502.1603593541964
41.1284004269139,21.444938193751135,496.69775707432206
71.73590846818138,18.106197181516606,524.5183595370573
62.429929891443734,19.100234685432895,515.8581889997952
66.4892109537697,18.63329980972972,519.3072676908785
38.96976476812602,21.73069706080484,495.2397635025874
64.1074258064321,19.00483769287429,518.2712076735727
56.20001182929953,19.832629143377158,510.7174462963319
59.64257435846057,19.489189516400533,514.1833877476583
62.86798535978459,19.010728432399574,515.8595478012645
38.640459425511835,21.62917594397372,493.57406893226397
44.69602973777623,21.125141079141375,500.6348935649205
60.782450141605636,19.382718623540857,515.3795931334713
16.80476133781334,24.156461979500513,475.1670446196306
68.91660103216506,18.553977464504314,523.3800231365807
56.9141508025948,19.83021329151336,512.1319904276729
49.428700491747065,20.830900029984726,507.17576923550394
52.756345696964665,20.17672112193432,507.28760592206584
37.12580895863779,21.816276134940306,492.4157873731974
45.62570794263619,20.90715844723607,500.32773524024975
63.75355422775467,18.93055925430952,516.8312534606988
66.22527465407777,18.762822926395256,520.0929351343699
83.70280065704475,16.576885071328956,533.17142456721
49.07594167149481,20.733501517944656,505.4967953168555
41.76808791493745,21.381580670242645,497.3578410403595
43.57207542575014,21.18239234738861,498.9794382061618
37.27447655890794,21.791873261917626,492.47440190271254
49.026815550739364,20.595627734273652,504.00016676986485
54.784155375153354,19.97506688549988,509.3027827596518
49.571971493350574,20.53488864297141,504.4985556865873
63.70433557082248,19.02642901280377,517.6919874516664
47.07230248319329,20.763083522653638,501.7676835518435
45.65686684376796,20.88816307114444,500.1934835015998
42.73414403924593,21.35407696873275,498.9987002885574
29.59206842206881,22.75473921895401,486.7433073287248
30.402903446144325,22.67539872644386,487.53674248817686
35.2605258670289,22.227244880071016,492.77086393175756
66.26785089580952,18.608279962334883,518.622251614166
61.19075341112412,19.18349307905126,514.2156141762929
67.18705082991238,18.73514637379254,521.7207691675994
33.34735431756873,22.183502689310036,488.52672458037256
25.39219137767475,23.075917733822678,481.5489299727208
41.749295998323966,21.48936362330286,498.38809018978606
52.19773691620035,20.282068958420165,507.205194166885
56.23362843637284,19.824824085704915,510.7062241005141
63.09965194960066,19.04987234473389,516.7069107351601
53.553495885090186,20.112242207342835,508.22416642405904
71.78335975819539,18.09461921512931,524.4990588918462
47.217428988146,20.941627081563382,503.85215057519525
38.58650977447755,21.715669111932463,494.33476061549754
28.98477230631958,22.79553769267707,485.9382111468854
38.88785802380688,21.90178049790375,496.7957000605225
53.02647451231404,20.16983877384844,507.7447396506404
38.890996783079615,21.94519199281376,497.23865357296967
61.70928079419072,19.201481142537126,515.4406447624528
67.65409632546803,18.694790902444534,522.2557126223147
20.380163684667462,23.592647590855613,476.6863572839638
60.8006537562206,19.3272925328973,514.8768341704636
22.00494926672829,23.421008224344796,478.219282211922
55.018738188628596,20.032384229911315,510.3638198154392
65.31088205242075,18.694516192612816,517.5567068977253
50.8107013292947,20.439199809215918,506.0018963730504
34.00388533494701,22.231353025486786,490.3129398109669
42.682109946527845,21.189147587363536,497.2621178761243
46.72943192861374,20.697826489562736,500.43971672852825
47.72194020262571,20.699482531353162,502.44910810842555
47.46378949041666,20.9530461006437,504.45617307804923
48.62646525863358,20.62174031606137,503.45889726392244
52.66850061137711,20.2981870869601,508.3303176277081
34.892829328334734,22.156084487116964,491.3463158572837
46.974752126622256,20.920449943440598,503.16683823801316
68.97826462944631,18.22969975293045,520.2595062531111
45.19193221071853,20.988568626136008,500.29143686958537
44.45204883556003,21.205215180467718,500.9540517459401
63.47746629642798,19.001153212509603,516.9754719570029
18.010191670698795,24.010233387952027,476.13163086198136
64.76723251610358,18.83255823204003,517.8544960891526
42.10120302493541,21.48380560559382,499.03873728263795
52.04910715565733,20.304349648273185,507.12709341062435
51.204016949014964,20.37196036322589,506.1121495689189
61.78085149025492,19.26841179060589,516.247086574584
46.65506567205816,20.9267652689854,502.58571410467727
41.52467773044437,21.45354415429487,497.5911772441724
66.22307238313874,18.870165187553823,521.1511968877983
20.447827285735247,23.744710245205212,478.35138719505414
50.25417727131554,20.499848604952085,505.50094361419497
33.150932217135995,22.28910220077975,489.1901611145846
40.480332646793016,21.562174931553383,496.58978982425396
75.14070851828922,17.89329821536272,529.2187303775002
49.442557169301786,20.496992951197928,503.85294196244485
52.43837121439226,20.118419883853004,506.07414921117584
27.730464303680108,23.04932489087717,485.9412575036215
40.886941765066304,21.48755979061934,496.6442946494531
52.45696750910981,20.239333994494896,507.304440985424
54.43447116391523,20.007696841599994,508.9540760926281
57.711081929915984,19.659693160102194,512.019119312833
50.107848736469705,20.573189707340678,505.9349796288783
56.58755260568324,19.691456794314917,510.0948131963138
55.67227390794605,19.774872461715386,509.10414789620063
27.128244862443356,23.024389878835002,484.50778155856807
50.46257152387687,20.28847316342856,503.8160662312554
59.5987800966588,19.306828835763337,512.2471054159836
57.3734977591815,19.875583561323197,513.4938322668276
45.45176487536513,21.076052696715976,501.6688775239768
39.9296686557579,21.60673080067973,495.92609643646557
36.0211009459796,22.161479589538086,493.66222336336006
48.361824855732344,20.576139342860927,502.47237971330435
64.16349849449652,18.9104548532668,517.4309305740182
25.602448731479974,23.24607600047964,483.65175965756737
41.751353378381275,21.4964182965212,498.44735293634835
35.75246930716533,22.118520060894593,492.69309701416165
59.81196901550625,19.16655952752549,511.2979591942319
43.07112966785874,21.16536752476908,497.79839074768734
44.11702927306511,21.194833589198527,500.18206447331283
47.28813037579189,20.76271050935821,502.1877457017476
55.56741563618497,20.14160744209557,512.5609667639966
45.09513752312954,21.13219070255246,501.51174162281
11.923211815000919,24.744254888411767,471.30856813417154
56.79139864234399,19.641251193967488,510.0047323674457
55.48803697090053,19.89278625924065,509.883885279941
47.25573714585983,20.825989310377313,502.77891789229534
36.44954224160082,22.10332871643669,493.91840629519277
54.39725138351698,20.104415457523093,509.83106238736065
54.74044416919483,20.081850060840562,510.2968813800277
44.12458896623907,21.0539040121327,498.7872774293015
47.290856617805765,20.939220941871227,503.97789830648
38.373043718445984,21.640922115740217,493.1450800438861
47.76763634890838,20.691968545453463,502.44345123230886
30.61963318645649,22.67491746298435,487.99444705477384
55.21648526289795,19.91119746190791,509.54481264219567
38.19539386469633,21.697902989091368,493.37156135079334
52.9762893479039,20.090453189170255,506.8351737539934
32.42546354665126,22.278373577583455,487.6328914953039
42.62427942663076,21.364526726971338,498.88491883114426
48.618882436675904,20.777979816469866,505.0083567743203
29.24125235163421,22.7734228909801,486.22595296111166
51.43934841425115,20.30163679293103,505.8841080455229
45.26065546400096,20.874095606113247,499.2513380230711
28.220547527384618,22.98705996441291,486.30838459286434
33.70946557359605,22.513089220228384,492.5543262377824
57.564001051027084,19.48821430395033,510.00130499426
61.19444981939155,19.16226722605147,514.0239133396556
48.351142002750414,20.61341507544304,502.8509332351848
55.05952265050622,19.88702071747607,508.98043800510845
52.798044541411386,20.214949695459097,507.743135219858
54.12028727659673,20.208193354302384,510.3147213414908
66.07480008850366,18.83263171895061,520.4590635454647
31.162520022321598,22.624882535822053,488.57689551336824
58.455759154520294,19.497473622596907,511.893590483692
45.22488805527725,20.913299490551456,499.6028896587003
47.1967633218545,20.728678503965376,501.6713375883264
46.221878369311625,21.070400059513595,503.16111968466737
45.31066104173395,21.009652955263476,500.73127517301526
34.672547602712264,22.14133613833539,490.7604351218741
52.29173999072002,20.229533027995796,506.8848318962938
70.88678790986071,18.28491515187917,524.6314600689961
49.29833724439054,20.445897935662064,503.0753948448841
49.982686965811304,20.643391847352998,506.40407049077874
41.408762035541706,21.46068380178504,497.4237607100788
48.53156816977361,20.639893103495332,503.45340568651045
55.827080325425385,19.90330577557788,510.69027161417966
45.37196949119571,21.030923063281463,501.06341126453384
44.327449486849986,21.08956091079976,499.55295418531085
55.04080675204059,19.92024019007137,509.2762161723056
38.524940377261935,21.67537030381459,493.8044745546947
53.15620783846091,20.21845621285523,508.4956862706495
60.254022465767775,19.31885814782443,513.6992737973574
66.99935677099356,18.534444912947478,519.3265441877896
48.870224909038164,20.640861612271156,504.15457382692887
67.09496549758393,18.752467923540323,521.7205644621388
62.930123581018975,19.07285194370993,516.593215133519
37.54734199536168,21.808982254815046,493.1844689107024
34.77576860508562,22.21505505552418,491.68402840278696
46.187954526819745,21.112996248290084,503.5056783086206
62.86169365743568,18.940023144738902,515.1342259122539
49.09641240549994,20.637614914173536,504.5603726639723
42.49178052927764,21.346412804302645,498.4277964069201
69.40303975060701,18.48181900778914,523.6088639993867
53.58630610004183,20.204597246363882,509.22172492064067
20.99257155261573,23.672146218031294,478.71033404563286
53.96450782865861,19.895452413305065,506.8924027223141
56.50050768213585,19.865600531754684,511.6564680918612
52.820108180888795,20.106268831083085,506.6879013888486
55.62140125289991,19.78697182108529,509.10433567524683
49.15905488846273,20.70733902033821,505.3996883740336
33.52005162944082,22.221709282997644,489.2586010479325
45.366199959744336,21.150002478438147,502.23892300021697
38.17980255554636,21.833806191030433,494.70201490945163
38.34073861507028,21.8144305923509,494.8237335481323
34.21164563622156,22.267445458066188,491.09600578473
55.656113657995576,19.713985135046308,508.4706496891518
51.22370181765784,20.18775393842298,504.3290897622116
44.39793296649115,21.13778267906484,500.1724068481275
41.88327590337015,21.449640386551927,498.2675098721689
49.70721118723185,20.540467872620116,504.8213301588611
63.489934101406114,18.933953797143374,516.297832610511
24.947303556263563,23.257688819199227,482.4779961496631
54.71095651063616,19.973591368515475,509.17603609916796
43.17860032477772,21.15463815444691,497.8957793953407
26.442676937756904,23.192702752257954,484.82692175558174
25.678711460450515,23.002314133195433,481.3779955558821
38.59020632330885,21.81395154511678,495.322862811762
52.74386944741307,20.23660670130569,507.8645095080528
54.91328667475115,20.060509651258545,510.4244698477748
38.262730341527686,21.690568475197068,493.44357037415426
62.71276239266556,19.11173685147361,516.5307511272536
67.78729370645132,18.76051418722217,523.1709777376352
54.951082311957,20.021588374584702,510.11211316658756
42.607466652398614,21.323236789109046,498.4539212495522
64.0552398063796,19.007839748709664,518.1854683557501
59.44244619579173,19.46994860270092,513.5691786739968
60.84259264193648,19.526404610710973,516.9470660622642
41.794204062855854,21.501001172664775,498.59057763853406
14.568068684066219,24.38895094932967,473.0329597976375
76.45988776854594,17.6146454885984,529.0627980725313
29.86401995687583,22.67587800513556,486.4875277058663
49.552899101747236,20.670166111448832,505.8034045934114
79.75931689024688,17.08586466493374,530.3816198195135
54.132209453429674,19.884983107136637,507.11241407059106
61.86558091947795,19.340657573825027,517.140989564353
31.220042882728592,22.781107262156915,490.22522450137893
27.779163065828673,22.991122553527806,485.4705241757052
43.34121510025557,21.243740133095464,499.12397066816686
63.63437168043125,19.065945884183037,517.9262094021437
45.67188190440862,20.91138763787678,500.46433411229896
40.06704598660627,21.609749295988532,496.23897100338786
52.47459112431209,20.23168584691129,507.2790828566556
63.524190230965814,19.074995499668297,517.7993835746953
31.938247511582855,22.330992920907544,487.16728622519446
34.8682125734581,22.113793139943077,490.8515015518591
40.141634318632924,21.668919785250463,496.9564480802497
63.68297968390114,18.92731285200787,516.638708817269
52.93526907435915,20.077784264278183,506.6468077386173
76.65191763213055,17.772496275448333,531.0315604172647
61.70557157288895,19.216198927000153,515.5668799565537
49.56131028912912,20.490364054201475,504.018896208558
65.81347297610958,18.591280928880533,517.5453057204486
52.64371265914848,20.282126242121713,508.1152469836278
41.18848309365694,21.539180475069607,497.76620443665513
58.49968555306378,19.53515862910599,512.350572630605
41.295916826736466,21.347226129968277,496.068138096589
46.370036239951666,20.896841071241077,501.7135266280658
66.59728369947479,18.59071318630961,519.0902594550497
48.73398142228251,20.545052684661613,502.911293952622
39.960732658229645,21.593998132448565,495.84914118048846
44.195778857056354,21.033325285857796,498.7197415065423
62.772382319858416,19.119702840340818,516.7499163790184
43.09324158229089,21.320542676888643,499.3973726521376
45.16411441436692,20.94798416970232,499.79708954615336
43.62134075457964,21.064828007462403,497.8960842510516
52.29906867925387,20.403230405177656,508.63129984133775
45.1813779953049,20.93602139692074,499.7180306927463
29.977049387843287,22.636530296827004,486.3053371474056
38.910238226937,21.74117551177992,495.230483337957
38.34013698116952,21.84252186932358,495.112292095636
65.54149230568943,18.764804157005198,518.7093952049469
60.15842552636303,19.428652624870193,514.5994160694505
57.340742242497825,19.652419737535602,511.2282246973397
43.68302103419487,21.097750619756123,498.3502746331367
39.80260572507536,21.764345056320412,497.25126033830486
43.65602997928303,21.44668086371198,501.7714967439901
36.851498718104075,22.115932094309972,494.8555350809291
81.21500489483759,17.08053012548321,533.2344781605503
21.933479395357473,23.770660802692245,481.5895954539311
57.050106688422616,19.76005861584591,511.7054554272133
33.94309627509341,22.218530782699403,490.06277879320317
48.69570635631634,20.690110258243397,504.3042831646905
37.649975718828316,21.849063420287766,493.7876596984628
35.279637968967116,22.020928005039046,490.7855294531348
35.74754623831298,21.97793771664237,491.26880361280325
71.93732692177574,18.16709921247872,525.5356133107697
48.3376447211301,20.49820588250922,501.65909456313057
40.42872256902392,21.613254191451638,496.99981032240225
56.947337051035916,19.572834564111208,509.6333941911512
50.12936643207874,20.27365204798109,502.9968452616351
59.00042199177066,19.326068920529377,511.2516522219554
27.196791800777127,23.20502929910799,486.43882318541523
53.79504880577502,20.062921234870394,508.19912714157044
59.658685463779776,19.446202917000768,513.7702688821915
29.230021361067955,22.92662315487362,487.7244897027231
55.60244105529141,19.97714945876792,510.9802667196686
71.20226966035202,18.028599810420854,522.6871428816979
49.81427870806622,20.607329976394592,505.7012873895286
60.26757421281014,19.38898496306124,514.4210362017851
58.38213062888637,19.54379782106291,512.2097497214438
41.15617878111779,21.47524942549082,497.0558606877595
50.49708418233119,20.57330194200637,506.73556326386756
30.412566114229968,22.56602107923061,486.5049518288912
44.35871203621842,21.160630243926388,500.328454408261
53.32109968707795,20.133713310768133,507.974061565735
59.038756171722476,19.326020359570965,511.33235323771373
50.307651565598896,20.38593301061104,504.48673160953
58.99979662678957,19.529343726376517,513.2817646230856
36.213672338057876,22.146230251722926,493.8801091491423
48.72878406806411,20.739966854247623,504.8455921940657
50.24099230641347,20.53321209673486,505.8013204417703
73.11989058349545,17.875284469701857,524.9821777008157
47.32291679749895,20.97460055135597,504.39973815797543
43.76229202507271,21.20767192400596,499.6123261158509
50.26689029804436,20.370005515047264,504.22686501583775
38.5110819391257,21.74549048861048,494.4791421048166
52.4094231133152,20.324588300070946,508.07232079409096
45.436809793171776,21.002712672582923,500.9017519542038
27.608405649485203,23.051761847214905,485.7248803435433
49.26766811082674,20.69092590355527,505.4298912398548
46.03071132587251,20.976674822613894,501.8382751534152
29.59470872415021,22.65881177803879,485.78249702281124
49.160823067318475,20.605854928913967,504.3859649827106
68.616949525931,18.45665213774147,521.7893439602677
56.51629685344642,19.969141979506055,512.7263632738822
57.64908990913948,19.495967916211974,510.2641489762733
33.23129093021197,22.331075752567248,489.77647972453286
55.961229611527784,19.785855388052454,509.773562871412
51.85561976725098,20.329392387621994,507.01528601582254
56.61306547918039,19.528806361370222,508.4989182525812
55.28285777136032,20.03037810109939,510.8787839729626
33.002740931202325,22.371073346301298,489.72702588485845
49.48248985552541,20.3724559995294,502.7052630095202
40.526614244685426,21.505961119610614,496.1094147635745
49.373948821439726,20.62976186380708,505.03552198078467
38.78248841372712,21.574781486944214,493.32073050051946
66.40587958926245,18.695675466825445,519.7615216939885
39.26284514444572,21.575339669330816,494.279526937314
38.7632230441808,21.680446961952214,494.3277410857121
50.93233008179442,20.400117529270076,505.8568147365754
36.53626163245006,21.99935624578865,493.0692957174485
44.69170871958918,21.03683779102692,499.73787519028195
39.62544253077547,21.668480960567724,495.9416167240446
67.63965079862015,18.641436172877263,521.6839940151284
59.822547835389656,19.391628310596815,513.5440614632828
49.28163101918257,20.72217736363485,505.78453460012565
45.10978684782479,21.184144863817313,502.06533867235083
61.761470182188916,19.163368073400637,515.1623904443547
55.0650510040361,19.879060333908672,508.9288888844672
56.22565505853571,19.648760645044455,508.9153801635191
49.67259703319687,20.523357393184405,504.5687165539282
28.897124652857098,22.784972510174114,485.64504093040034
48.59417521800559,20.732545848032686,504.5289989491374
43.34387600988666,21.081207478305636,497.5076642477664
58.06319091824846,19.585309859818356,511.99849383519893
62.64803041242736,19.205591093944108,517.3467223700667
41.77561194048539,21.33164697699081,496.87043782083174
55.85481542846315,19.779734149196294,509.49597264081353
71.69848747107142,17.968472344706562,523.0776548670123
41.65359099286801,21.680162375386345,500.10145278241663
71.02402175091422,18.112610289592897,523.1678065111641
39.34267691036691,21.542270856637806,494.10412789590004
50.286996945099396,20.388045295635916,504.45447402195686
49.86067985197698,20.437895708233853,504.1005389129377
50.14373624837578,20.45725003483354,504.86540737948275
39.52902447615068,21.73434453083218,496.402894145297
42.610211202944626,21.283044450776508,498.0474264573659
41.65349642050751,21.32583306224449,496.56009767804466
54.08703244255572,19.90529258149977,507.2239193829075
54.125438931378895,20.048387453370307,508.7302620250464
77.82430414672824,17.44358045126287,530.089322516637
67.13736257863901,18.767983351452592,521.9632139237106
43.62695947326901,21.21027923148739,499.3694517067914
54.060870197452324,20.043403447151835,508.5477978388236
62.46397475989699,19.02389739275258,515.1716171695731
50.38252280423147,20.4273272340247,505.024371152294
49.12948026941331,20.551909724561074,503.7817895316199
50.644686784623616,20.392068037240033,505.2208806644685
60.84095786010535,19.211569096124354,513.7961107864376
39.39599346493459,21.720273679184814,496.00545008218984
45.92913163974782,20.933550977876802,501.1823873795605
55.880414310581024,19.83311907783559,510.08313294668704
53.89308839442695,19.900355665008135,506.78837534050876
52.99478449820489,20.219938113949947,508.19917223945515
45.37748542120246,21.05717813626577,501.3225779104992
62.15669736428171,19.07885034964479,515.0973626940023
76.67335309005672,17.66494329848168,529.9862228813464
55.080193670952575,19.804702873186972,508.2094448842193
47.585291230627,20.763430973752122,502.8173591501842
59.446753611181784,19.433736368780988,513.2378777112643
43.260842040587626,21.109589896654782,497.6245495542664
40.62887069121379,21.549794485174484,496.7536164894232
50.4101093451714,20.625144987255325,507.0660354693035
17.715042087875695,24.058108793340367,476.0179445683192
35.57562045434988,22.040379574610608,491.55471754404954
45.65047680098942,21.023149967579734,501.530717195419
33.08263927315358,22.371481679499823,489.8890777475294
37.09196122634838,21.92266047826423,493.40854936082235
44.540645781774906,21.057974742727616,499.65266122823215
29.462933830867385,22.901274834533833,487.94770789202636
44.9241025467521,21.103985056205346,500.888862854462
43.309122943339446,21.183129410339113,498.43916969663155
50.3175651048127,20.454267454792507,505.16667569860175
64.42730038117524,18.838910287650315,517.244657757612
52.15630520616082,20.20197731231416,506.355757632078
50.26327526677579,20.406967148235644,504.59229380987256
51.2431807128839,20.24981896221055,504.98118830928246
52.842409689014104,20.26506263058524,508.35068339585683
37.29076689237789,21.86891149551113,493.27007592786913
48.56530844036502,20.713228829392524,504.2484205060228
53.85939052295767,20.008454452701926,507.7875976084091
32.86550021821174,22.378758726557475,489.53085434173613
60.82066153519817,19.23862317144909,514.0342183303097
63.51720043072737,19.085074769673724,517.8934098152763
42.10780014438264,21.343300053447408,497.64802325765555
46.9832776068362,20.758752104652878,501.54680913994133
39.02262071487409,21.543341398482873,493.47648378341967
58.742256044847714,19.56591849000083,513.1450573018774
36.734721406926134,21.888342140004312,492.34448110233836
47.219037371963495,20.80432796737192,502.4869689167417
39.2635011524041,21.631841862434193,494.8328249674621
50.636928462641116,20.525356827199353,506.52409760963
27.57213410637849,23.021479723534167,485.3570253693739
66.58077052957117,18.720836450492655,520.3629953659371
37.9424196974217,21.764721720951265,493.51000155080584
50.74868353895345,20.46427381507014,506.14458392524944
47.343461940371135,20.963702347426782,504.3163898474057
40.473568600968775,21.464688850478428,495.60728278631507
38.90274829205081,21.73793160179733,495.18139277929805
61.70498179440575,19.047530305173655,513.8798530446637
43.429492586225756,21.36261202472772,500.4860206391965
53.389627307966386,20.08734978626461,507.6632868760652
39.981288932570315,21.680316105501465,496.7601048435241
41.91023210190299,21.21755164371904,496.00612801794466
55.90308937609811,20.030414107341798,512.1247228620243
61.630106201388955,19.185001165044657,515.1201272813311
47.80854497091225,20.795625785546655,503.58961211220094
32.22600160449454,22.47022164413886,489.1671461105878
74.97445099687506,17.727263311724965,527.2366839339388
39.29313364707238,21.84633452908797,497.06565584821857
30.730157504102657,22.454878053912086,486.01117624262247
82.4303073471019,16.962537557817992,534.481698033388
44.949596326863286,21.146608971268034,501.3426599300545
31.7283413967324,22.506896834195796,488.5124238042276
41.45700291514148,21.427912600897777,497.18864901126915
54.59431120027836,19.980356996762033,508.98837501730463
52.37889446992425,20.115557966267293,505.91184065788747
39.353385034330124,21.67494038463318,495.44616631008955
72.7840450015995,18.045026802171297,526.0024002487976
43.480254025082836,21.224031979988954,499.19952561839057
35.1914176198556,22.101716451701375,491.3981055774368
62.00866748075825,19.130074074879293,515.3100001698939
66.61328558174603,18.644608919080103,519.6652388326766
39.78133627979717,21.749827430971916,497.0515453033948
32.48315883700862,22.218189029987,487.14424273649706
62.880478342695056,19.087154527958322,516.6239389367034
24.40845483677548,23.282294476225058,481.6524531891167
34.6672292575423,22.33218557685403,492.6587242509454
62.093076875627936,19.17531076622531,515.9295382343287
49.30809314972013,20.724602313400784,505.8594049556334
46.700783142591405,20.65052485251039,499.8950119542232
54.410207581179726,20.060835656553635,509.4388934108475
48.09031970568239,20.738070618378703,503.5751874623976
33.76641597296137,22.42474763968164,491.7928283625667
65.95094182507734,18.58126153835919,517.7030521074341
66.5626756610852,18.662602096468795,519.750459616661
52.566657047224496,20.224273750983954,507.37203589753346
50.56417519290013,20.388361179326466,505.01758231012406
79.24531007525073,17.404673663096716,532.5272776834357
46.54458943730204,20.846226943352235,501.5446893911864
46.75528772707451,21.06039460442392,504.1103893281047
54.55601561550632,20.104256073188196,510.1561248475859
68.39152445177923,18.572015680004665,522.5101469906865
69.90963443021855,18.36587011081505,523.4746826916602
46.76784210404036,20.749167809453006,501.0340019533661
53.854140574491815,20.032934903054826,508.0458509430999
32.77395666169903,22.45213990389883,490.06718021001757
46.10029865104734,20.996722851743563,502.1553692382017
39.49637005650867,21.78611767829217,496.8422049925847
37.4146030962627,21.83764955844851,493.21161904676205
71.01970895334159,18.10181667663996,523.0528224287197
40.09641672742319,21.675304579262,496.92875295423954
43.354926149856816,21.149995465911736,498.2159364825128
54.573109848960726,20.084289100221362,509.99040624534047
66.22281583716982,18.835463875552822,520.7862107590564
56.01393907986044,19.88408200479806,510.88049240751354
84.49193892526978,16.670128815023464,535.6935323606458
49.06665027186063,20.60677669270972,504.20245492333135
53.23395550287182,20.203611486644423,508.4912826785105
53.445008424800704,20.12206762514313,508.09666979570386
67.93811733486443,18.746636727031962,523.3395312551802
56.34048688887019,19.703479349161565,509.69862811546056
48.547128745160634,20.55954897929535,502.69379808600667
38.156392563664006,21.70510727932343,493.34974968742847
53.05554319952041,20.104932255798236,507.1620580843157
67.51681039114949,18.355257704954063,518.5833165173124
44.870227579276616,21.001309923585556,499.7606722470897
56.61179523020728,19.70737405448441,510.28795152930604
53.07684735856055,20.169398193075757,507.8504139423739
60.793995729766436,19.3544405280463,515.1184483380675
39.94057824202663,21.482514759736294,494.7142595769339
79.33308788158202,17.363365757302383,532.298683718525
34.010486162146776,22.439070745142907,492.4166382824123
45.430611375174536,20.9818042384213,500.66605988109376
61.72615676132057,19.367559880002293,517.1329031654208
53.70916465617642,20.111890837261114,508.54029971892703
60.37482698851379,19.557642223123025,516.329713187185
43.79872082521797,21.29386905579484,500.53925854801446
49.064937716495734,20.44646638770149,502.5926046711785
50.15289979548522,20.485043759562764,505.1686501788012
69.6157451816988,18.44770052750354,523.7069366585753
58.63036280478811,19.55371474957737,512.790481413346
59.95840135455839,19.40088749791407,513.9250904263238
41.77592384329006,21.531624852269523,498.8585910298209
62.11103298203813,19.096800953761193,515.1854355374549
52.819770794610044,20.191576773920715,507.5535368622654
67.3643164459741,18.622287767403762,520.9477150247793
75.17575193648085,17.69728819095175,527.3263797532073
46.165427799662446,20.919790031649377,501.5482135297317
44.92121086943672,21.13616913068438,501.2098225441157
39.19943761122038,21.731345624915757,495.7230544780712
48.20525610354599,20.616550075411986,502.5709758668382
45.2246818881202,20.914872593726855,499.59221955062384
54.49380499463763,19.926771232564196,508.2515405344482
48.1929147883283,20.698904218862737,503.38340065625664
45.48000899022975,20.981205032299023,500.7505871186674
63.307314201598146,18.95299968850249,516.1342936404684
38.276497110606854,21.729770272581597,493.85172030549796
55.4138494143918,19.752472635897696,508.35018426408993
44.92572841014396,21.099955245205898,500.87068656916836
59.054606310874554,19.499991433268637,513.113603786593
67.31576933402788,18.469286638916405,519.3177831427845
46.21127183219909,20.919622148876876,501.60298908248154
55.51291134091439,20.027841953550453,511.300836616984
52.23491082166475,20.180166224320352,506.25845168570623
40.00722000571129,21.730719565943858,497.32630317736533
53.00984387177423,20.13657142685649,507.38701307533574
53.61400631598515,20.12224212202662,508.4536341715574
55.160885255577185,19.942077702128728,509.7633392990896
47.52001378974943,20.91295082472809,504.1604611669656
51.17740375387683,20.386328971752103,506.21617318319676
35.65486318946081,21.963774907238925,490.935350293866
45.52357405650179,20.861309816740683,499.65944029524894
